Comment,Description,Designator,Footprint,LibRef,Quantity,Part Number

"SMTU_1225-1-LF","SMTU 1225-1-LF, Battery Holder 1225","BT6400","SMTU_1225-1-LF","SMTU_1225-1-LF","1","SMTU_1225-1-LF"
"BR2477A/HBN","Coin Cell Battery 3V 1000mAH HI TEMP","BT6401","BR2477A-HBN","BR2477A/HBN","1","BR2477A/HBN"
"22u/10V","MLCC","C1100, C1101, C5000, C5001, C5002, C5007, C5010, C5013, C5016, C5017, C5018, C5019, C5020, C7210, C7211, C7212, C7220, C7239, C7240, C7247, C7248, C7250, C7251","CAPC3216X18N","gen_C_ceramic_22u_10V_X7R_1206","23","gen_C_ceramic_22u_10V_X7R_1206"
"100n/50V","MLCC","C1102, C1109_1, C1109_2, C1112_1, C1112_2, C1115, C1203, C1205, C1207, C1211, C1213, C1217, C1219, C1220, C1221, C1222, C1223, C1602, C3000, C4345, C4346, C4503_1, C4503_2, C4505_1, C4505_2, C5003, C5004, C5005, C5006, C5008, C5011, C5014, C5015, C5021, C5022, C5023, C5024, C5025, C5026, C5027, C5028, C6100, C6101, C6201, C6202, C6204, C6206, C6301_1, C6301_2, C6301_3, C6400, C6401, C6403, C6500, C6600, C6605, C7113, C7114, C7213, C7215, C7221, C7222, C7223, C7227, C7228, C7230, C7231, C7232, C7234, C7238, C7242, C7246, C7249, C7300_1, C7300_2, C8003, C8007, C8009","CAPC1005X06N","gen_C_ceramic_100n_50V_X7R_0402","78","gen_C_ceramic_100n_50V_X7R_0402"
"100n/100V","MLCC","C1103_1, C1103_2, C4501_1, C4501_2, C7000, C7109, C7111, C7115, C7206, C7218, C7226","CAPC1608X08N","gen_C_ceramic_100n_100V_X7R_0603","11","gen_C_ceramic_100n_100V_X7R_0603"
"1u/100V","MLCC","C1104_1, C1104_2","CAPC3216X18N","gen_C_ceramic_1u_100V_X7R_1206","2","gen_C_ceramic_1u_100V_X7R_1206"
"10u/100V","MLCC","C1105_1, C1105_2, C7105, C7106, C7107, C7108, C7207, C7208, C7209, C7301_1, C7301_2, C7302_1, C7302_2","CAPC5750X28N","gen_C_ceramic_10u_100V_X7S_2220","13","gen_C_ceramic_10u_100V_X7S_2220"
"4n7/50V","MLCC","C1106_1, C1106_2","CAPC1005X06N","gen_C_ceramic_4n7_50V_X7R_0402","2","gen_C_ceramic_4n7_50V_X7R_0402"
"10u/16V","MLCC","C1107_1, C1107_2, C1110_1, C1110_2, C1200, C1208, C1214, C6402, C7216, C7224, C7229, C7233, C7235, C7241, C8006, C8008, C8012","CAPC2012X14N","gen_C_ceramic_10u_16V_X7R_0805","17","gen_C_ceramic_10u_16V_X7R_0805"
"1u/50V","MLCC","C1108_1, C1108_2, C1111_1, C1111_2, C1202, C1204, C1206, C1210, C1212, C1216, C1218, C1600, C1601, C4344, C4347, C6200, C6203, C6205, C6300_1, C6300_2, C6300_3, C6606, C7110, C7116","CAPC1608X08N","gen_C_ceramic_1u_50V_X7R_0603","24","gen_C_ceramic_1u_50V_X7R_0603"
"10n/25V","MLCC","C1201, C1209, C1215, C5009, C5012, C7001, C7244, C7245","CAPC1005X06N","gen_C_ceramic_10n_25V_X7R_0402","8","gen_C_ceramic_10n_25V_X7R_0402"
"1n/3000V","MLCC","C1224","CAPC2220(5750)230_N","gen_C_ceramic_1n_3000V_X7R_2220","1","gen_C_ceramic_1n_3000V_X7R_2220"
"4u7/25V","MLCC","C1603","CAPC2012X14N","gen_C_ceramic_4u7_25V_X7R_0805","1","gen_C_ceramic_4u7_25V_X7R_0805"
"220n/35V","MLCC","C1604, C7305_1, C7305_2","CAPC1005X06N","gen_C_ceramic_220n_35V_X7R_0402","3","gen_C_ceramic_220n_35V_X7R_0402"
"150p/50V","MLCC","C4400, C4401, C7118, C7119, C7201","CAPC1005X06N","gen_C_ceramic_150p_50V_C0G_0402","5","gen_C_ceramic_150p_50V_C0G_0402"
"100µF/63V","SMD Electrolytic Capacitor","C4500_1, C4500_2","ELECTROLYTIC_CAP_PANASONIC_G","EEE-TG1J101UP","2","EEE-TG1J101UP"
"10n/100V","MLCC","C4502_1, C4502_2, C4504_1, C4504_2, C4506_1, C4506_2, C4507_1, C4507_2","CAPC1608X08N","gen_C_ceramic_10n_100V_X7R_0603","8","gen_C_ceramic_10n_100V_X7R_0603"
"47n/50V","MLCC","C6601, C7117, C7214, C7243, C7303_1, C7303_2","CAPC1005X06N","gen_C_ceramic_47n_50V_X7R_0402","6","gen_C_ceramic_47n_50V_X7R_0402"
"22n/50V","MLCC","C6602, C6604, C8000, C8001, C8002, C8004, C8005, C8010, C8011, C8013, C8014","CAPC1005X06N","gen_C_ceramic_22n_50V_X7R_0402","11","gen_C_ceramic_22n_50V_X7R_0402"
"27p/50V","MLCC","C6603","CAPC1608X08N","gen_C_ceramic_27p_50V_NP0_0603","1","gen_C_ceramic_27p_50V_NP0_0603"
"22u/25V","MLCC","C7100, C7101, C7102, C7103, C7104","CAPC3225X25N","gen_C_ceramic_22u_25V_X7R_1210","5","gen_C_ceramic_22u_25V_X7R_1210"
"47p/50V","MLCC","C7112","CAPC1005X06N","gen_C_ceramic_47p_50V_C0G_0402","1","gen_C_ceramic_47p_50V_C0G_0402"
"5n6/50V","MLCC","C7120","CAPC1608X08N","gen_C_ceramic_5n6_50V_C0G_0603","1","gen_C_ceramic_5n6_50V_C0G_0603"
"8n2/50V","MLCC","C7200","CAPC1608X08N","gen_C_ceramic_8n2_50V_C0G_0603","1","gen_C_ceramic_8n2_50V_C0G_0603"
"33µF/100V","SMD Electrolytic Capacitor","C7205","ELECTROLYTIC_CAP_PANASONIC_G","EEE-TG2A330P","1","EEE-TG2A330P"
"47n/100V","MLCC","C7217, C7225","CAPC1608X08N","gen_C_ceramic_47n_100V_X7R_0603","2","gen_C_ceramic_47n_100V_X7R_0603"
"1n/100V","MLCC","C7219, C7236, C7237","CAPC1005X06N","gen_C_ceramic_1n_100V_X7R_0402","3","gen_C_ceramic_1n_100V_X7R_0402"
"4u7/100V","MLCC","C7304_1, C7304_2","CAPC3225X25N","gen_C_ceramic_4u7_100V_X7S_1210","2","gen_C_ceramic_4u7_100V_X7S_1210"
"1N4148WQ-7-F","Diode","D1100, D4400, D4401, D6400, D7004, D7006, D7303_1, D7303_2, D7305_1, D7305_2, D8000","SOD-123_CASE-425-04-ISSUE-G","1N4148WQ-7-F","11","1N4148WQ-7-F"
"SM24CANB-02HTG","CAN ESD Protection Diode Array","D1102_1, D1102_2","LF_SOT23-3","SM24CANB-02HTG","2","SM24CANB-02HTG"
"pure green","TLMP1100-GS08","D1200, D1201, D5000, D6601, D7000, D7001, D7002, D7005, D7200","LEDC1608X07N","LED_0603_pure_green_AECQ","9","LED_0603_pure_green_AECQ"
"SZMMSZ4688T1G","Zener Diode","D4200_1, D4200_2, D4200_3, D4200_4, D4200_5, D4200_6, D4200_7, D4200_8, D6401, D7202","SOD-123_CASE-425-04-ISSUE-G","SZMMSZ4688T1G","10","SZMMSZ4688T1G"
"SMA6J60A-Q","TVS-Diode DO-214AC (SMA)","D4500_1, D4500_2, D4501_1, D4501_2, D4502_1, D4502_2, D4503_1, D4503_2","BOURNS_DO-214AC_SMA","SMA6J60A-Q","8","SMA6J60A-Q"
"DFLS1100Q-7","Schottky Diode","D7100, D7101, D7102, D7203","PowerDI123","DFLS1100Q-7","4","DFLS1100Q-7"
"DFLS130LQ-7","Schottky Diode","D7201","PowerDI123","DFLS130LQ-7","1","DFLS130LQ-7"
"SZMMSZ5237BT1G","Zener Diode","D7306_1, D7306_2","SOD-123_CASE-425-04-ISSUE-G","SZMMSZ5237BT1G","2","SZMMSZ5237BT1G"
"SZMMSZ5261BT1G","Zener Diode","D7307_1, D7307_2","SOD-123_CASE-425-04-ISSUE-G","SZMMSZ5261BT1G","2","SZMMSZ5261BT1G"
"SZNUP2301MW6T1G","TVS diode array","D8001","ONSEMI_SC-88_SOT-363","SZNUP2301MW6T1G","1","SZNUP2301MW6T1G"
"600?","Ferrite Bead","FB5000, FB5001, FB5002","RESC1005X04N","gen_Ferrite_600R_0402","3","gen_Ferrite_600R_0402"
"64900429522","","J2000, J2002, J2003, J2004, J2006, J2007, J2008, J2010, J2021, J2024, J2034","64900429522","CMP-1502-00518-2","11",""
"64900829522","","J2009","64900829522","CMP-1502-00520-2","1",""
"64900629522","","J2013","64900629522","CMP-1502-00519-2","1",""
"64900229522","","J2033","64900229522","CMP-1502-00517-2","1",""
"samtec_FTSH-103-01-L-DV","Board-To-Board Connector, 6pin, 1.27mm","J3000","SAMTEC_FTSH-103-01-L-DV","samtec_FTSH-103-01-L-DV","1","samtec_FTSH-103-01-L-DV"
"TE_2-5767004-2","Connector, SMT, 38 POS, MICTOR","J3008","TE_2-5767004-2","TE_2-5767004-2","1","TE_2-5767004-2"
"ERM8-020-09.0-L-DV-K-TR","Edge Rate rugged high-speed connector strips","J9000","SAMTEC_ERM8-020-09.0-L-DV-K","SAMTEC_ERM8-020-09.0-L-DV-K-TR","1","SAMTEC_ERM8-020-09.0-L-DV-K-TR"
"ERM8-030-09.0-L-DV-K-TR","Edge Rate rugged high-speed connector strips","J9001","SAMTEC_ERM8-030-09.0-L-DV-K","SAMTEC_ERM8-030-09.0-L-DV-K-TR","1","SAMTEC_ERM8-030-09.0-L-DV-K-TR"
"ERM8-060-09.0-L-DV-K-TR","Edge Rate rugged high-speed connector strips","J9002","SAMTEC_ERM8-060-09.0-L-DV-K","SAMTEC_ERM8-060-09.0-L-DV-K-TR","1","SAMTEC_ERM8-060-09.0-L-DV-K-TR"
"WE_615008137421","Modular Jack WR-MJ, Tab Up","J?","WE_615008137421","WE_615008137421","1","WE_615008137421"
"100uH","Common Mode Choke","L1100_1, L1100_2","MURATA_DLW32SH","DLW32SH101XF2L","2","DLW32SH101XF2L"
"10µH","Power Inductor","L1600","INDC2012X14N","LQM21DH100M70L","1","LQM21DH100M70L"
"2.2µH","Power Inductor","L7100","COILCRAFT_XAL1010","XAL1010-222MEB","1","XAL1010-222MEB"
"1µH","Power Inductor","L7200","ASPIAIG-S4035","ASPIAIG-S4035-1R0M-T","1","ASPIAIG-S4035-1R0M-T"
"6.8µH","Power Inductor","L7201","PA4342.XXXNLT_Footprint_2","PA4342.682NLT","1","PA4342.682NLT"
"4.7µH","Power Inductor","L7202","ASPIAIG-S4035","ASPIAIG-S4035-4R7M-T","1","ASPIAIG-S4035-4R7M-T"
"1µH","Power Inductor","L7203, L7204, L7205","TDK_TFM252012","TFM252012ALMA1R0MTAA","3","TFM252012ALMA1R0MTAA"
"DMP10H4D2S-7","MOSFET-Transistor, p-Kanal, 0.27 A, 100 V, 4.2 ohm","Q1101_1, Q1101_2, Q4400","SOT95P237X110-3N","DMP10H4D2S-7","3","DMP10H4D2S-7"
"SI2302CDS-T1-GE","MOSFET, N CHANNEL, 20V, 0.045OHM, 2.6A, TO-236","Q4200","SOT95P237X112-3N","SI2302CDS-T1-GE","1","SI2302CDS-T1-GE"
"DMN10H220L-7","MOSFET-Transistor, n-Kanal, 1.6 A, 100 V, 0.250 ohm","Q4401","SOT95P237X110-3N","DMN10H220L-7","1","DMN10H220L-7"
"STL115N10F7AG","N-Channel MOSFET, 100 V, 107 A, 5 mOhm","Q4402, Q7100, Q7101, Q7102, Q7103, Q7300_1, Q7300_2, Q7301_1, Q7301_2, Q8000","ST_PowerFLAT_5x6_WF_type_C","STL115N10F7AG","10","STL115N10F7AG"
"SP000870646","MOSFETs N-Ch 100V 190mA SOT-23-3","Q6400","SOT95P237X110-3N","SP000870646","1","SP000870646"
"BUK9K13-60EX","Dual N-channel 60 V, 12.5 mO logic level MOSFET","Q7202","NXP-SOT1205_N","BUK9K13-60EX","1","BUK9K13-60EX"
"SQ2309ES-T1_GE3","MOSFET-Transistor, p-channel, -1.7 A, -60 V","Q7203","SOT95P237X110-3N","SQ2309ES-T1_GE3","1","SQ2309ES-T1_GE3"
"ZXTN4240F-7","Single NPN Transistor","Q7302_1, Q7302_2","DIODES_SOT23_NPN","ZXTN4240F-7","2","ZXTN4240F-7"
"0R","SMD Resistor 0R 0402","R1100, R1101, R1102, R1106, R1107_1, R1107_2, R1108_1, R1108_2, R1208, R1209, R1210, R1211, R4408, R4410, R4514_1, R4514_2, R4515_1, R4515_2, R4516_1, R4516_2, R4517_1, R4517_2, R6602, R6603, R6606, R6607, R7219, R7247, R7248, R7249, R7310_1, R7310_2, R8026, R8027","RESC1005X04N","gen_R_0R_0402","34","gen_R_0R_0402"
"10k","SMD Resistor 10k 0402","R1103_1, R1103_2, R1104_1, R1104_2, R1105_1, R1105_2, R1109_1, R1109_2, R1114_1, R1114_2, R1116_1, R1116_2, R1117_1, R1117_2, R1223, R1601, R1602, R1603, R1604, R1605, R1606, R1607, R1608, R4201, R4401, R4402, R4403, R4412, R4413, R4500, R4504_1, R4504_2, R4505_1, R4505_2, R4506_1, R4506_2, R4507_1, R4507_2, R4509_1, R4509_2, R4510_1, R4510_2, R4511_1, R4511_2, R4512_1, R4512_2, R6100, R6101, R6302_1, R6302_2, R6302_3, R6303_1, R6303_2, R6303_3, R6304_1, R6304_2, R6304_3, R6305_1, R6305_2, R6305_3, R6306_1, R6306_2, R6306_3, R6307_1, R6307_2, R6307_3, R6308_1, R6308_2, R6308_3, R6309_1, R6309_2, R6309_3, R6310_1, R6310_2, R6310_3, R6311_1, R6311_2, R6311_3, R6312_1, R6312_2, R6312_3, R6313_1, R6313_2, R6313_3, R6314_1, R6314_2, R6314_3, R6315_1, R6315_2, R6315_3, R6316_1, R6316_2, R6316_3, R6317_1, R6317_2, R6317_3, R6318_1, R6318_2, R6318_3, R6319_1, R6319_2, R6319_3, R6320_1, R6320_2, R6320_3, R6321_1, R6321_2, R6321_3, R6322_1, R6322_2, R6322_3, R6323_1, R6323_2, R6323_3, R6324_1, R6324_2, R6324_3, R6325_1, R6325_2, R6325_3, R6326_1, R6326_2, R6326_3, R6327_1, R6327_2, R6327_3, R6328_1, R6328_2, R6328_3, R6329_1, R6329_2, R6329_3, R6330_1, R6330_2, R6330_3, R6331_1, R6331_2, R6331_3, R6332_1, R6332_2, R6332_3, R6333_1, R6333_2, R6333_3, R6334_1, R6334_2, R6334_3, R6335_1, R6335_2, R6335_3, R6400, R6401, R6600, R6601, R6605, R7005, R7006, R7105, R7106, R7200, R7201, R7203, R7204, R7230, R7239, R7245, R7246, R7308_1, R7308_2, R7309_1, R7309_2, R8001, R8003, R8005, R8006, R8007, R8008, R8009, R8015, R8020, R8024","RESC1005X04N","gen_R_10k_0402","181","gen_R_10k_0402"
"120R","SMD Resistor 120R 1206","R1110_1, R1110_2, R1111_1, R1111_2, R1112_1, R1112_2, R1113_1, R1113_2","RESC3216X06N","gen_R_120R_1206","8","gen_R_120R_1206"
"100R","SMD Resistor 100R 0402","R1115_1, R1115_2, R4200, R4400, R6407, R7101, R7102, R7107, R7109, R7202","RESC1005X04N","gen_R_100R_0402","10","gen_R_100R_0402"
"2k49","SMD Resistor 2k49 0402","R1200, R1201, R1202, R1203, R1212, R1213, R1214, R1215, R1224, R1225, R1226, R4205_1, R4205_2, R4205_3, R4205_4, R4205_5, R4205_6, R4205_7, R4205_8, R6300, R6301, R6403, R6404, R6500, R6501, R7103, R7236, R7237, R8011, R8012, R8022","RESC1005X04N","gen_R_2k49_0402","31","gen_R_2k49_0402"
"120R","SMD Resistor 120R 0402","R1204, R1205, R1206, R1207","RESC1005X04N","gen_R_120R_0402","4","gen_R_120R_0402"
"75R","SMD Resistor 75R 0402","R1216, R1217, R1218, R1219, R1220","RESC1005X04N","gen_R_75R_0402","5","gen_R_75R_0402"
"11k","SMD Resistor 11k 0402","R1221","RESC1005X04N","gen_R_11k_0402","1","gen_R_11k_0402"
"5k1","SMD Resistor 5k1 0402","R1222, R3000, R3004, R3009, R7207, R7229, R7231, R7232, R7235, R7240, R7241, R7242, R7243","RESC1005X04N","gen_R_5k1_0402","13","gen_R_5k1_0402"
"2k2","SMD Resistor 2k2 0402","R1227","RESC1005X04N","gen_R_2k2_0402","1","gen_R_2k2_0402"
"2R","SMD Resistor 2R 0805","R1600, R8016","RESC2012X05N","gen_R_2R_0805","2","gen_R_2R_0805"
"390R","SMD Resistor 390R 0402","R1609, R1610, R1612, R1613","RESC1005X04N","gen_R_390R_0402","4","gen_R_390R_0402"
"220R","SMD Resistor 220R 0402","R1611, R6608, R7002, R7007, R7234, R7244, R7250","RESC1005X04N","gen_R_220R_0402","7","gen_R_220R_0402"
"22R","SMD Resistor Array 0402 8x","R3150","PANASONIC_EXB2HV","EXB2HV220JV","1","EXB2HV220JV"
"86R6","SMD Resistor 86R6 2010","R4202_1, R4202_2, R4202_3, R4202_4, R4202_5, R4202_6, R4202_7, R4202_8","RESC5025X07N","gen_R_86R6_2010","8","gen_R_86R6_2010"
"5k6","SMD Resistor 5k6 0402","R4203_1, R4203_2, R4203_3, R4203_4, R4203_5, R4203_6, R4203_7, R4203_8, R4206_1, R4206_2, R4206_3, R4206_4, R4206_5, R4206_6, R4206_7, R4206_8, R7000, R7004, R8002, R8010","RESC1005X04N","gen_R_5k6_0402","20","gen_R_5k6_0402"
"33R","SMD Resistor 33R 2010","R4204_1, R4204_2, R4204_3, R4204_4, R4204_5, R4204_6, R4204_7, R4204_8","RESC5025X07N","gen_R_33R_2010","8","gen_R_33R_2010"
"1k5","SMD Resistor 1k5 0402","R4404, R4406, R4409","RESC1005X04N","gen_R_1k5_0402","3","gen_R_1k5_0402"
"680R","SMD Resistor 680R 0402","R4405, R4407, R4411","RESC1005X04N","gen_R_680R_0402","3","gen_R_680R_0402"
"47k","SMD Resistor 47k 0402","R4501_1, R4501_2, R4502_1, R4502_2, R4503_1, R4503_2, R4508_1, R4508_2","RESC1005X04N","gen_R_47k_0402","8","gen_R_47k_0402"
"47k5","SMD Resistor 47k5 0402","R4513_1, R4513_2","RESC1005X04N","gen_R_47k5_0402","2","gen_R_47k5_0402"
"33R","SMD Resistor 33R 0402","R5000, R7306_1, R7306_2","RESC1005X04N","gen_R_33R_0402","3","gen_R_33R_0402"
"100k","SMD Resistor 100k 0402","R6200, R6201, R6202, R6203, R6204, R6205, R6206, R6207, R6408, R6409, R6410, R6411, R7238, R7251, R7307_1, R7307_2","RESC1005X04N","gen_R_100k_0402","16","gen_R_100k_0402"
"10k","SMD Resistor 10k 0603","R6402, R6412, R6413","RESC1608X05N","gen_R_10k_0603","3","gen_R_10k_0603"
"20k","SMD Resistor 20k 0402","R6604, R7113, R7205","RESC1005X04N","gen_R_20k_0402","3","gen_R_20k_0402"
"1k91","SMD Resistor 1k91 0402","R7001, R7206","RESC1005X04N","gen_R_1k91_0402","2","gen_R_1k91_0402"
"866R","SMD Resistor 866R 0402","R7008","RESC1005X04N","gen_R_866R_0402","1","gen_R_866R_0402"
"0R005","SMD Shunt Resistor 0R005","R7100, R7108, R7301_1, R7301_2","PANASONIC_ERJMS4H","ERJ-MS4HF5M0U","4","ERJ-MS4HF5M0U"
"10R","SMD Resistor 10R 0402","R7104, R7303_1, R7303_2, R8014, R8017","RESC1005X04N","gen_R_10R_0402","5","gen_R_10R_0402"
"93k1","SMD Resistor 93k1 0402","R7110","RESC1005X04N","gen_R_93k1_0402","1","gen_R_93k1_0402"
"23k7","SMD Resistor 23k7 0402","R7111","RESC1005X04N","gen_R_23k7_0402","1","gen_R_23k7_0402"
"280k","SMD Resistor 280k 0402","R7112","RESC1005X04N","gen_R_280k_0402","1","gen_R_280k_0402"
"4k7","SMD Resistor 4k7 0402","R7114, R7209, R7210","RESC1005X04N","gen_R_4k7_0402","3","gen_R_4k7_0402"
"0R","SMD Resistor 0R 2512","R7115","RESC6331X07N","gen_R_0R_2512","1","gen_R_0R_2512"
"26k7","SMD Resistor 26k7 0402","R7208","RESC1005X04N","gen_R_26k7_0402","1","gen_R_26k7_0402"
"0R015","SMD Shunt Resistor 0R015","R7226","PANASONIC_ERJ-B1","ERJ-B1CFR015U","1","ERJ-B1CFR015U"
"1M","SMD Resistor 1M 0402","R7227, R7228","RESC1005X04N","gen_R_1M_0402","2","gen_R_1M_0402"
"470k","SMD Resistor 470k 0402","R7233","RESC1005X04N","gen_R_470k_0402","1","gen_R_470k_0402"
"240k","SMD Resistor 240k 0402","R7304_1, R7304_2, R7305_1, R7305_2, R7311_1, R7311_2, R8021","RESC1005X04N","gen_R_240k_0402","7","gen_R_240k_0402"
"330R","SMD Resistor 330R 0603","R8000","RESC1608X05N","gen_R_330R_0603","1","gen_R_330R_0603"
"3k9","SMD Resistor 3k9 0402","R8004, R8013","RESC1005X04N","gen_R_3k9_0402","2","gen_R_3k9_0402"
"1k","SMD Resistor 1k 0402","R8018","RESC1005X04N","gen_R_1k_0402","1","gen_R_1k_0402"
"22k1","SMD Resistor 22k1 0402","R8019","RESC1005X04N","gen_R_22k1_0402","1","gen_R_22k1_0402"
"10R","SMD Resistor 10R 0805","R8023","RESC2012X05N","gen_R_10R_0805","1","gen_R_10R_0805"
"330R","SMD Resistor 330R 0402","R8025","RESC1005X04N","gen_R_330R_0402","1","gen_R_330R_0402"
"WS-DISV","WS-DISV Small Compact SMT DipSwitch","S4500, S6600","WE_416131160801","WE_416131160801","2","WE_416131160801"
"WS-DISV","WS-DISV Small Compact SMT DipSwitch","S7200","WE_416131160802","WE_416131160802","1","WE_416131160802"
"SM91074ALE","10/100 Base-T Transformer","T1200, T1201","SM91074ALE","SM91074ALE","2","SM91074ALE"
"ISOW7841AQDWEQ1","Automotive High-Performance, 5000-VRMS Reinforced Quad-Channel Digital Isolator With Integrated High-Efficiency, Low-Emissions DC-DC Converter","U1100","TI_DWE0016A","ISOW7841AQDWEQ1","1","ISOW7841AQDWEQ1"
"TCAN1043HDQ1","Low-Power Fault Protected CAN Transceiver with CAN FD and Wake","U1101_1, U1101_2","TI_D0014A-C01_SOIC-14","TCAN1043HDQ1","2","TCAN1043HDQ1"
"DP83869HMRGZT","High Immunity 10/100/1000 Ethernet Physical Layer Transceiver and Fiber Interface","U1200","DP83869HM-RGZ","DP83869HMRGZT","1","DP83869HMRGZT"
"LTC2870HUFD","RS-232-IC-Interface RS232/RS485 Multiprotocol Transceiver with Integrated Termination","U1600","LTC2870-UFD","LTC2870HUFD","1","LTC2870HUFD"
"ADR4550BRZ","Ultralow Noise, High Accuracy Voltage Reference","U4301","SOIC127P600X175-8N","ADR4550BRZ","1","ADR4550BRZ"
"MC33XS2410EL","Quad 100 mO / dual 50 mO, 3.0 V to 60 V high-side switch","U4500_1, U4500_2","MC33XS2410EL","MC33XS2410EL","2","MC33XS2410EL"
"TMS5704357BZWTQQ1","","U5000","BGA337C80P19X19_1600X1600X140","TMS5704357BZWTQQ1","1",""
"S25FL512SDSMFM010","512 Mbit (64 Mbyte), 3.0 V SPI Flash Memory","U6200","S25FL512S-SO3016","S25FL512SDSMFM010","1","S25FL512SDSMFM010"
"CY15B102QN-50SXE","Excelon™-Auto 2-Mbit (256K × 8) Automotive-E Serial (SPI) F-RAM","U6201","CY15B102QN-50SXE","CY15B102QN-50SXE","1","CY15B102QN-50SXE"
"MR25H40BMDF","Magnetoresistive random access memory (MRAM) device","U6202","MR25H40","MR25H40BMDF","1","MR25H40BMDF"
"PCA9539PW","16-bit I2C-bus and SMBus low power I/O port with interrupt and reset","U6300_1, U6300_2, U6300_3","PCA9539PW","PCA9539PW","3","PCA9539PW"
"PCF2131TF","Ultra low power and high accurate RTC with integrated quartz crystal","U6400","NXP_SOT1992-1","PCF2131TF","1","PCF2131TF"
"SHT35-DIS-F","Humidity/Temp Sensor, Digital, Dfn-8","U6500","SHT3X","SHT35-DIS-F","1","SHT35-DIS-F"
"MAX16998DAUA/V+","High-Voltage Watchdog Timers with Adjustable Timeout Delay","U6600","MAX16998-uSOP8","MAX16998DAUA/V+","1","MAX16998DAUA/V+"
"TPS7A1650AQDGNRQ1","Automotive 60-V, 5-µA IQ, 100-mA low-dropout (LDO) voltage regulator with enable and power good","U6601","TPS7A16A-Q1","TPS7A1650AQDGNRQ1","1","TPS7A1650AQDGNRQ1"
"LM5176QPWPRQ1","55-V wide VIN synchronous 4-switch buck-boost controller","U7100","LM5176-PWP","LM5176QPWPRQ1","1","LM5176QPWPRQ1"
"MC33FS8530A0ES","Fail-safe system basis chip with multiple SMPS and LDO","U7200","MC33FS8530A0ES","MC33FS8530A0ES","1","MC33FS8530A0ES"
"LTC4380HMS-4#PBF","Low Quiescent Current Surge Stopper","U7300_1, U7300_2","LTC4380-MSOP10","LTC4380HMS-4#PBF","2","LTC4380HMS-4#PBF"
"TPS2H000BQPWPRQ1","1000-mO Dual-Channel SmartHigh-Side Power Switch","U8000","TI_PWP0016J","TPS2H000BQPWPRQ1","1","TPS2H000BQPWPRQ1"
"INA240A1QPWRQ1","Automotive, Wide Common-Mode Range, High- and Low-Side, Bidirectional, Zero-Drift, Current-Sense Amplifier With Enhanced PWM Rejection","U8001","TI_PW0008A","INA240A1QPWRQ1","1","INA240A1QPWRQ1"
"LM2903QDRQ1","Automotive Dual Comparators","U8002","TI_D0008A","LM2903QDRQ1","1","LM2903QDRQ1"
"SiT8924BAT31-33N-20.000000","Automotive AEC-Q100 Oscillator 20MHz","Y6100","SiT8924xx-3x","SiT8924BAT31-33N-20.000000","1","SiT8924BAT31-33N-20.000000"
"SiT8924BAT31-33N-25.000000","Automotive AEC-Q100 Oscillator 25MHz","Y6101","SiT8924xx-3x","SiT8924BAT31-33N-25.000000","1","SiT8924BAT31-33N-25.000000"
